{"schemaVersion":"1.0","appDefinitionTemplate":{"id":"/providers/Microsoft.PowerApps/apps/","type":"Microsoft.PowerApps/apps","tags":{"primaryDeviceWidth":"1366","primaryDeviceHeight":"768","supportsPortrait":"true","supportsLandscape":"true","primaryFormFactor":"Tablet","publisherVersion":"3.22122.15","minimumRequiredApiVersion":"2.2.0","hasComponent":"false","hasUnlockedComponent":"false","isUnifiedRootApp":"false","sienaVersion":"20221225T200234Z-3.22122.15.0"},"properties":{"appVersion":"2022-12-25T20:02:34Z","lifeCycleId":"Published","createdByClientVersion":{"major":3,"minor":22122,"build":15,"revision":0,"majorRevision":0,"minorRevision":0},"minClientVersion":{"major":3,"minor":22122,"build":15,"revision":0,"majorRevision":0,"minorRevision":0},"backgroundColor":"rgba(255, 255, 255, 1)","backgroundImageUri":"/6899084481580787708/N7de11d70-7444-446a-97e1-4fa235eb2d9c-logoSmallFile","displayName":"CSTR series simulation","description":"CSTR Serie Reactor simulation developed by Manuel Portero Leiva","commitMessage":"","appUris":{"documentUri":{"value":"/6899084481580787708/Nfbcaa8cf-7629-4998-9339-f19c6b5a06cb-document.msapp"},"imageUris":[],"additionalUris":[]},"createdTime":"0001-01-01T00:00:00Z","lastModifiedTime":"0001-01-01T00:00:00Z","sharedGroupsCount":0,"sharedUsersCount":0,"icons":{"smallIconUri":"/6899084481580787708/N73a8233a-d3d3-4518-be76-02f184c541da-small.png","mediumIconUri":"/6899084481580787708/N49114c50-cbd7-4906-90b6-4963b2a751d7-medium.png","largeIconUri":"/6899084481580787708/N80cdb49e-bd76-41b6-af06-f35e9871fce2-large.png","wideIconUri":"/6899084481580787708/Nbb5abc1f-4544-41be-8928-96f699f94616-wide.png"},"connectionReferences":{},"databaseReferences":{},"almMode":"Environment","performanceOptimizationEnabled":true,"canConsumeAppPass":true,"enableModernRuntimeMode":false,"executionRestrictions":{"isTeamsOnly":false,"dataLossPreventionEvaluationResult":{"status":"Compliant","lastEvaluationDate":"2022-12-25T19:51:22.3317863Z","violations":[],"violationsByPolicy":[],"violationErrorMessage":"La aplicación usa los siguientes conectores: ."}}},"appType":"ClassicCanvasApp","appComponents":[]}}